Codmundv,municipality_name
1100015,Alta Floresta D'Oeste
1100023,Ariquemes
1100049,Cacoal
1100064,Colorado do Oeste
1100098,Espigão D'Oeste
1100106,Guajará-Mirim
1100114,Jaru
1100148,Nova Brasilândia D'Oeste
1100155,Ouro Preto do Oeste
1100189,Pimenta Bueno
1100205,Porto Velho
1100254,Presidente Médici
1100288,Rolim de Moura
1100304,Vilhena
1100338,Nova Mamoré
1100601,Cacaulândia
1100809,Candeias do Jamari
1101401,Monte Negro
1101492,São Francisco do Guaporé
1200203,Cruzeiro do Sul
1200401,Rio Branco
1200500,Sena Madureira
1301209,Coari
1301902,Itacoatiara
1302603,Manaus
1302900,Maués
1303809,São Gabriel da Cachoeira
1400027,Amajari
1400100,Boa Vista
1400175,Cantá
1400209,Caracaraí
1400308,Mucajaí
1400456,Pacaraima
1500107,Abaetetuba
1500602,Altamira
1500800,Ananindeua
1500909,Augusto Corrêa
1501303,Barcarena
1501402,Belém
1501451,Belterra
1501501,Benevides
1501709,Bragança
1501725,Brasil Novo
1501808,Breves
1502202,Capanema
1502400,Castanhal
1502707,Conceição do Araguaia
1502939,Dom Eliseu
1503606,Itaituba
1503903,Juruti
1504208,Marabá
1504422,Marituba
1505205,Oeiras do Pará
1505304,Oriximiná
1505502,Paragominas
1505536,Parauapebas
1505700,Ponta de Pedras
1506005,Prainha
1506195,Rurópolis
1506203,Salinópolis
1506500,Santa Izabel do Pará
1506807,Santarém
1507953,Tailândia
1508001,Tomé-Açu
1508159,Uruará
1508209,Vigia
1600303,Macapá
1600600,Santana
1700707,Alvorada
1702000,Araguaçu
1702109,Araguaína
1703867,Cariri do Tocantins
1705508,Colinas do Tocantins
1707108,Divinópolis do Tocantins
1707652,Figueirópolis
1708205,Formoso do Araguaia
1721109,Tocantínia
1721208,Tocantinópolis
2101400,Balsas
2103000,Caxias
2103307,Codó
2105302,Imperatriz
2108603,Pinheiro
2111300,São Luís
2208403,Piripiri
2300200,Acaraú
2300309,Acopiara
2300507,Alcântaras
2300754,Amontada
2301000,Aquiraz
2301109,Aracati
2301208,Aracoiaba
2301604,Assaré
2301901,Barbalha
2301950,Barreira
2302008,Barro
2302107,Baturité
2302206,Beberibe
2302404,Boa Viagem
2302602,Camocim
2302701,Campos Sales
2302800,Canindé
2303006,Caridade
2303501,Cascavel
2304103,Crateús
2304202,Crato
2304251,Cruz
2304285,Eusébio
2304301,Farias Brito
2304350,Forquilha
2304707,Granja
2305001,Guaraciaba do Norte
2305100,Guaramiranga
2305332,Ibicuitinga
2305357,Icapuí
2305407,Icó
2305506,Iguatu
2306108,Irauçuba
2306207,Itaiçaba
2306405,Itapipoca
2307007,Jaguaruana
2307106,Jardim
2307403,Jucás
2307502,Lavras da Mangabeira
2307601,Limoeiro do Norte
2307700,Maranguape
2308104,Mauriti
2308302,Milagres
2308708,Morada Nova
2309607,Pacajus
2309706,Pacatuba
2310001,Palhano
2310209,Paracuru
2310258,Paraipaba
2310704,Pentecoste
2310902,Piquet Carneiro
2311009,Poranga
2311306,Quixadá
2311405,Quixeramobim
2311504,Quixeré
2311702,Reriutaba
2311801,Russas
2312403,São Gonçalo do Amarante
2400802,Angicos
2401107,Areia Branca
2408300,Nova Cruz
2409902,Pendências
2500601,Alhandra
2501005,Araruna
2501104,Areia
2501302,Aroeiras
2501807,Bayeux
2503001,Caaporã
2503209,Cabedelo
2503704,Cajazeiras
2504009,Campina Grande
2504306,Catolé do Rocha
2504603,Conde
2504801,Coremas
2506004,Esperança
2506103,Fagundes
2506301,Guarabira
2507507,João Pessoa
2508307,Lagoa Seca
2508901,Mamanguape
2510808,Patos
2511400,Picuí
2512002,Pocinhos
2512101,Pombal
2512309,Princesa Isabel
2512507,Queimadas
2512705,Remígio
2512903,Rio Tinto
2513703,Santa Rita
2514503,São José de Piranhas
2515104,São Sebastião de Lagoa de Roça
2515302,Sapé
2516201,Sousa
2516300,Sumé
2600054,Abreu e Lima
2600708,Aliança
2603702,Canhotinho
2608008,Jataúba
2611804,Ribeirão
2612307,Saloá
2700300,Arapiraca
2700409,Atalaia
2701001,Boca da Mata
2704500,Maragogi
2704708,Marechal Deodoro
2706307,Palmeira dos Índios
2706703,Penedo
2706901,Pilar
2708006,Santana do Ipanema
2708600,São Miguel dos Campos
2708907,Satuba
2800308,Aracaju
2800605,Barra dos Coqueiros
2802106,Estância
2900207,Abaré
2910727,Eunápolis
2910800,Feira de Santana
2911105,Formosa do Rio Preto
2911204,Gandu
2911709,Guanambi
2913606,Ilhéus
2913705,Inhambupe
2913903,Ipiaú
2914000,Ipirá
2914406,Iraquara
2914505,Irará
2914604,Irecê
2914703,Itaberaba
2914802,Itabuna
2916401,Itapetinga
2916500,Itapicuru
2917508,Jacobina
2917706,Jaguarari
2918001,Jequié
2918357,João Dourado
2918407,Juazeiro
2919157,Lapão
2919207,Lauro de Freitas
2919306,Lençóis
2919504,Livramento de Nossa Senhora
2919553,Luís Eduardo Magalhães
2919926,Madre de Deus
2921005,Mata de São João
2922003,Mucuri
2922300,Muritiba
2923001,Nova Viçosa
2924009,Paulo Afonso
2925006,Planalto
2925105,Poções
2925204,Pojuca
2925303,Porto Seguro
2925956,Rafael Jambeiro
2926004,Remanso
2926301,Riachão do Jacuípe
2926608,Ribeira do Pombal
2927002,Rio Real
2927200,Ruy Barbosa
2927408,Salvador
2927507,Santa Bárbara
2927705,Santa Cruz Cabrália
2928604,Santo Amaro
2928703,Santo Antônio de Jesus
2928901,São Desidério
2929206,São Francisco do Conde
2929305,São Gonçalo dos Campos
2929503,São Sebastião do Passé
2929909,Seabra
2930105,Senhor do Bonfim
2930501,Serrinha
2930709,Simões Filho
2931004,Tanhaçu
2931350,Teixeira de Freitas
2932200,Ubaitaba
2932705,Uruçuca
2932903,Valença
2933307,Vitória da Conquista
3101607,Alfenas
3102605,Andradas
3103504,Araguari
3104106,Arceburgo
3104908,Baependi
3105608,Barbacena
3106309,Belo Oriente
3106705,Betim
3107109,Boa Esperança
3108305,Borda da Mata
3109105,Bueno Brandão
3109709,Cachoeira de Minas
3111200,Campo Belo
3111606,Campos Gerais
3112604,Capinópolis
3113305,Carangola
3113404,Caratinga
3114501,Carmópolis de Minas
3115102,Cássia
3115508,Caxambu
3118007,Congonhas
3118205,Conquista
3121605,Diamantina
3122306,Divinópolis
3123908,Entre Rios de Minas
3124104,Esmeraldas
3126109,Formiga
3128006,Guanhães
3129806,Ibirité
3130309,Iguatama
3131307,Ipatinga
3132404,Itajubá
3133006,Itamonte
3133105,Itanhandu
3134202,Ituiutaba
3134608,Jaboticatubas
3135100,Janaúba
3136207,João Monlevade
3137502,Lagoa Formosa
3138203,Lavras
3138609,Lima Duarte
3139904,Maria da Fé
3140803,Matias Barbosa
3143203,Monte Santo de Minas
3144607,Nepomuceno
3145000,Nova Ponte
3145109,Nova Resende
3147204,Paraguaçu
3147303,Paraisópolis
3147402,Paraopeba
3147600,Passa Quatro
3147907,Passos
3149804,Perdizes
3149903,Perdões
3150901,Piranguçu
3151206,Pirapora
3151800,Poços de Caldas
3152105,Ponte Nova
3152907,Pratápolis
3153400,Presidente Olegário
3156908,Sacramento
3157500,Santa Efigênia de Minas
3159803,Santa Vitória
3161908,São Gonçalo do Rio Abaixo
3162104,São Gotardo
3162203,São João Batista do Glória
3162500,São João del Rei
3162955,São José da Lapa
3163706,São Lourenço
3164704,São Sebastião do Paraíso
3167202,Sete Lagoas
3168002,Taiobeiras
3169604,Tupaciguara
3169703,Turmalina
3169901,Ubá
3170701,Varginha
3200102,Afonso Cláudio
3200201,Alegre
3200300,Alfredo Chaves
3200409,Anchieta
3200805,Baixo Guandu
3201001,Boa Esperança
3201209,Cachoeiro de Itapemirim
3201308,Cariacica
3201407,Castelo
3201506,Colatina
3201605,Conceição da Barra
3201902,Domingos Martins
3202306,Guaçuí
3202405,Guarapari
3202454,Ibatiba
3202504,Ibiraçu
3202603,Iconha
3202702,Itaguaçu
3202801,Itapemirim
3202900,Itarana
3203056,Jaguaré
3203205,Linhares
3203320,Marataízes
3203346,Marechal Floriano
3203403,Mimoso do Sul
3203908,Nova Venécia
3204054,Pedro Canário
3204104,Pinheiros
3204203,Piúma
3204401,Rio Novo do Sul
3204559,Santa Maria de Jetibá
3204609,Santa Teresa
3204708,São Gabriel da Palha
3204906,São Mateus
3205002,Serra
3205010,Sooretama
3205036,Vargem Alta
3205069,Venda Nova do Imigrante
3205101,Viana
3205200,Vila Velha
3205309,Vitória
3300100,Angra dos Reis
3300159,Aperibé
3300209,Araruama
3300225,Areal
3300308,Barra do Piraí
3300407,Barra Mansa
3300456,Belford Roxo
3300605,Bom Jesus do Itabapoana
3300704,Cabo Frio
3300803,Cachoeiras de Macacu
3300902,Cambuci
3300951,Comendador Levy Gasparian
3301702,Duque de Caxias
3301850,Guapimirim
3301876,Iguaba Grande
3301900,Itaboraí
3302007,Itaguaí
3302106,Itaocara
3302205,Itaperuna
3302254,Itatiaia
3302270,Japeri
3302403,Macaé
3302502,Magé
3302601,Mangaratiba
3302700,Maricá
3302809,Mendes
3302858,Mesquita
3302908,Miguel Pereira
3303203,Nilópolis
3303401,Nova Friburgo
3303500,Nova Iguaçu
3303609,Paracambi
3303708,Paraíba do Sul
3303807,Paraty
3303906,Petrópolis
3303955,Pinheiral
3304003,Piraí
3304110,Porto Real
3304128,Quatis
3304144,Queimados
3304151,Quissamã
3304201,Resende
3304300,Rio Bonito
3304524,Rio das Ostras
3304805,São Fidélis
3305000,São João da Barra
3305109,São João de Meriti
3305208,São Pedro da Aldeia
3305406,Sapucaia
3305505,Saquarema
3305554,Seropédica
3305604,Silva Jardim
3305752,Tanguá
3305802,Teresópolis
3306008,Três Rios
3306107,Valença
3306206,Vassouras
3306305,Volta Redonda
3500105,Adamantina
3500303,Aguaí
3500501,Águas de Lindóia
3500709,Agudos
3501301,Álvares Machado
3501608,Americana
3501707,Américo Brasiliense
3501905,Amparo
3502101,Andradina
3502200,Angatuba
3502804,Araçatuba
3503208,Araraquara
3503307,Araras
3503802,Artur Nogueira
3503901,Arujá
3504008,Assis
3504107,Atibaia
3504206,Auriflama
3504503,Avaré
3504602,Bady Bassitt
3505203,Bariri
3505500,Barretos
3505708,Barueri
3505807,Bastos
3505906,Batatais
3506003,Bauru
3506102,Bebedouro
3506359,Bertioga
3506508,Birigui
3506805,Bocaina
3506904,Bofete
3507001,Boituva
3507407,Borborema
3507506,Botucatu
3507605,Bragança Paulista
3507803,Brodowski
3507902,Brotas
3508009,Buri
3508108,Buritama
3508405,Cabreúva
3508504,Caçapava
3508603,Cachoeira Paulista
3509007,Caieiras
3509205,Cajamar
3509254,Cajati
3509502,Campinas
3509601,Campo Limpo Paulista
3509700,Campos do Jordão
3510005,Cândido Mota
3510203,Capão Bonito
3510500,Caraguatatuba
3510609,Carapicuíba
3511003,Castilho
3511102,Catanduva
3511508,Cerquilho
3512308,Conchas
3512407,Cordeirópolis
3512803,Cosmópolis
3513009,Cotia
3513405,Cruzeiro
3513504,Cubatão
3513702,Descalvado
3513801,Diadema
3514403,Dracena
3515103,Embu-Guaçu
3515152,Engenheiro Coelho
3515186,Espírito Santo do Pinhal
3515509,Fernandópolis
3515707,Ferraz de Vasconcelos
3516002,Flórida Paulista
3516200,Franca
3516309,Francisco Morato
3516408,Franco da Rocha
3516705,Garça
3517109,Glicério
3517406,Guaíra
3517802,Guaraçaí
3518206,Guararapes
3518305,Guararema
3518404,Guaratinguetá
3518503,Guareí
3518701,Guarujá
3518800,Guarulhos
3519071,Hortolândia
3519204,Iacri
3519303,Ibaté
3519402,Ibirá
3519600,Ibitinga
3520004,Igaraçu do Tietê
3520202,Igaratá
3520301,Iguape
3520426,Ilha Comprida
3520509,Indaiatuba
3520905,Ipaussu
3521002,Iperó
3521150,Ipiguá
3521200,Iporanga
3521606,Irapuru
3521705,Itaberá
3521804,Itaí
3522109,Itanhaém
3522208,Itapecerica da Serra
3522307,Itapetininga
3522406,Itapeva
3522505,Itapevi
3522604,Itapira
3522703,Itápolis
3522901,Itapuí
3523107,Itaquaquecetuba
3523206,Itararé
3523404,Itatiba
3523909,Itu
3524006,Itupeva
3524303,Jaboticabal
3524402,Jacareí
3524600,Jacupiranga
3524709,Jaguariúna
3524808,Jales
3525003,Jandira
3525102,Jardinópolis
3525201,Jarinu
3525300,Jaú
3525706,José Bonifácio
3525904,Jundiaí
3526001,Junqueirópolis
3526100,Juquiá
3526407,Laranjal Paulista
3526704,Leme
3526803,Lençóis Paulista
3526902,Limeira
3527108,Lins
3527207,Lorena
3527306,Louveira
3527405,Lucélia
3527603,Luís Antônio
3528403,Mairinque
3528502,Mairiporã
3528809,Maracaí
3529005,Marília
3529302,Matão
3529401,Mauá
3530300,Mirassol
3530508,Mococa
3530706,Mogi Guaçu
3531100,Mongaguá
3531803,Monte Mor
3531902,Morro Agudo
3532207,Narandiba
3532405,Nazaré Paulista
3533007,Nova Granada
3533403,Nova Odessa
3533502,Novo Horizonte
3533908,Olímpia
3534302,Orlândia
3534609,Osvaldo Cruz
3534708,Ourinhos
3534757,Ouroeste
3534906,Pacaembu
3535200,Palmeira d'Oeste
3535309,Palmital
3535408,Panorama
3535507,Paraguaçu Paulista
3536208,Pariquera-Açu
3536505,Paulínia
3536703,Pederneiras
3537107,Pedreira
3537305,Penápolis
3537404,Pereira Barreto
3537602,Peruíbe
3537800,Piedade
3537909,Pilar do Sul
3538006,Pindamonhangaba
3538204,Pinhalzinho
3538600,Piracaia
3538709,Piracicaba
3538808,Piraju
3539004,Pirangi
3539202,Pirapozinho
3539301,Pirassununga
3539509,Pitangueiras
3539806,Poá
3540606,Porto Feliz
3540705,Porto Ferreira
3540754,Potim
3541000,Praia Grande
3541307,Presidente Epitácio
3541406,Presidente Prudente
3541505,Presidente Venceslau
3541604,Promissão
3542206,Rancharia
3542404,Regente Feijó
3542602,Registro
3543303,Ribeirão Pires
3543402,Ribeirão Preto
3543907,Rio Claro
3544251,Rosana
3544509,Rubinéia
3545209,Salto
3545605,Santa Adélia
3545803,Santa Bárbara d'Oeste
3546405,Santa Cruz do Rio Pardo
3546603,Santa Fé do Sul
3546801,Santa Isabel
3547304,Santana de Parnaíba
3547700,Santo Anastácio
3547809,Santo André
3548005,Santo Antônio de Posse
3548203,Santo Antônio do Pinhal
3548500,Santos
3548807,São Caetano do Sul
3548906,São Carlos
3549102,São João da Boa Vista
3549409,São Joaquim da Barra
3549706,São José do Rio Pardo
3549805,São José do Rio Preto
3549904,São José dos Campos
3550209,São Miguel Arcanjo
3550308,São Paulo
3550407,São Pedro
3550605,São Roque
3550704,São Sebastião
3551009,São Vicente
3551504,Serrana
3551603,Serra Negra
3551702,Sertãozinho
3552106,Socorro
3552205,Sorocaba
3552403,Sumaré
3552502,Suzano
3552809,Taboão da Serra
3553401,Tanabi
3553708,Taquaritinga
3554003,Tatuí
3554102,Taubaté
3554300,Teodoro Sampaio
3554508,Tietê
3554706,Torrinha
3554805,Tremembé
3555000,Tupã
3555109,Tupi Paulista
3555406,Ubatuba
3555802,Urânia
3556107,Valentim Gentil
3556206,Valinhos
3556305,Valparaíso
3556404,Vargem Grande do Sul
3556453,Vargem Grande Paulista
3556503,Várzea Paulista
3556701,Vinhedo
3557006,Votorantim
3557105,Votuporanga
4100400,Almirante Tamandaré
4100509,Altônia
4100608,Alto Paraná
4100806,Alvorada do Sul
4101002,Ampére
4101101,Andirá
4101200,Antonina
4101408,Apucarana
4101606,Arapoti
4101705,Araruna
4101804,Araucária
4102000,Assis Chateaubriand
4102109,Astorga
4102505,Barbosa Ferraz
4102604,Barracão
4102802,Bela Vista do Paraíso
4103008,Boa Esperança
4103107,Bocaiúva do Sul
4103602,Cambará
4103800,Cambira
4104006,Campina Grande do Sul
4104204,Campo Largo
4104303,Campo Mourão
4104451,Cantagalo
4104501,Capanema
4104600,Capitão Leônidas Marques
4104659,Carambeí
4104709,Carlópolis
4104907,Castro
4105102,Centenário do Sul
4105508,Cianorte
4105607,Cidade Gaúcha
4105904,Colorado
4106308,Corbélia
4106605,Cruzeiro do Oeste
4106803,Cruz Machado
4107009,Curiúva
4107108,Diamante do Norte
4107306,Doutor Camargo
4107504,Engenheiro Beltrão
4107801,Floraí
4108007,Florestópolis
4108403,Francisco Beltrão
4108601,Goioerê
4108809,Guaíra
4108957,Guamiranga
4109104,Guaporema
4109401,Guarapuava
4109609,Guaratuba
4109708,Ibaiti
4109807,Ibiporã
4109906,Icaraíma
4110003,Iguaraçu
4110078,Imbaú
4110102,Imbituva
4110409,Indianópolis
4110508,Ipiranga
4110607,Iporã
4110706,Irati
4110904,Itaguajé
4111100,Itambé
4111407,Ivaí
4111506,Ivaiporã
4111555,Ivaté
4111605,Ivatuba
4111803,Jacarezinho
4111902,Jaguapitã
4112009,Jaguariaíva
4112108,Jandaia do Sul
4112405,Japurá
4112702,Jataizinho
4113205,Lapa
4113304,Laranjeiras do Sul
4113734,Luiziana
4113809,Lupionópolis
4113908,Mallet
4114005,Mamborê
4114104,Mandaguaçu
4114203,Mandaguari
4114302,Mandirituba
4114807,Marialva
4115358,Maripá
4115408,Marmeleiro
4115804,Medianeira
4116059,Missal
4116307,Munhoz de Melo
4116901,Nova Esperança
4117057,Nova Laranjeiras
4117107,Nova Londrina
4117222,Nova Santa Rosa
4117305,Ortigueira
4117503,Paiçandu
4117800,Palmital
4117909,Palotina
4118006,Paraíso do Norte
4118402,Paranavaí
4118501,Pato Branco
4118907,Pérola
4119004,Pérola d'Oeste
4119103,Piên
4119202,Pinhalão
4119608,Pitanga
4119806,Planalto
4119954,Pontal do Paraná
4120408,Presidente Castelo Branco
4120606,Prudentópolis
4120804,Quatro Barras
4120903,Quedas do Iguaçu
4121000,Querência do Norte
4121109,Quinta do Sol
4121208,Quitandinha
4121307,Rancho Alegre
4121406,Realeza
4121505,Rebouças
4121604,Renascença
4121703,Reserva
4121802,Ribeirão Claro
4122008,Rio Azul
4122156,Rio Bonito do Iguaçu
4122172,Rio Branco do Ivaí
4122206,Rio Branco do Sul
4122404,Rolândia
4122503,Roncador
4123006,Salto do Lontra
4123402,Santa Fé
4123709,Santa Isabel do Ivaí
4123808,Santa Izabel do Oeste
4124053,Santa Terezinha de Itaipu
4124103,Santo Antônio da Platina
4124400,Santo Antônio do Sudoeste
4124608,São Carlos do Ivaí
4124905,São João do Caiuá
4125308,São Jorge do Ivaí
4125605,São Mateus do Sul
4125704,São Miguel do Iguaçu
4125803,São Pedro do Ivaí
4126009,São Sebastião da Amoreira
4126108,São Tomé
4126256,Sarandi
4126355,Serranópolis do Iguaçu
4126504,Sertanópolis
4126603,Siqueira Campos
4126678,Tamarana
4127007,Teixeira Soares
4127106,Telêmaco Borba
4127304,Terra Rica
4127403,Terra Roxa
4127601,Tijucas do Sul
4127700,Toledo
4127809,Tomazina
4127908,Tuneiras do Oeste
4127965,Turvo
4128005,Ubiratã
4128104,Umuarama
4128203,União da Vitória
4128807,Xambrê
4200101,Abelardo Luz
4200408,Água Doce
4200507,Águas de Chapecó
4201208,Antônio Carlos
4201307,Araquari
4201406,Araranguá
4201703,Ascurra
4201950,Balneário Arroio do Silva
4202008,Balneário Camboriú
4202057,Balneário Barra do Sul
4202073,Balneário Gaivota
4202107,Barra Velha
4202206,Benedito Novo
4202305,Biguaçu
4202453,Bombinhas
4202800,Braço do Norte
4202909,Brusque
4203006,Caçador
4203105,Caibi
4203204,Camboriú
4203303,Campo Alegre
4203402,Campo Belo do Sul
4203600,Campos Novos
4203808,Canoinhas
4203907,Capinzal
4203956,Capivari de Baixo
4204004,Catanduvas
4204202,Chapecó
4204251,Cocal do Sul
4204301,Concórdia
4204509,Corupá
4204558,Correia Pinto
4204608,Criciúma
4204707,Cunha Porã
4204806,Curitibanos
4205001,Dionísio Cerqueira
4205308,Faxinal dos Guedes
4205407,Florianópolis
4205456,Forquilhinha
4205506,Fraiburgo
4205704,Garopaba
4205803,Garuva
4205902,Gaspar
4206009,Governador Celso Ramos
4206108,Grão-Pará
4206207,Gravatal
4206306,Guabiruba
4206405,Guaraciaba
4206504,Guaramirim
4206652,Guatambú
4206702,Herval d'Oeste
4206900,Ibirama
4207007,Içara
4207106,Ilhota
4207304,Imbituba
4207502,Indaial
4207684,Ipuaçu
4208005,Itá
4208104,Itaiópolis
4208203,Itajaí
4208302,Itapema
4208450,Itapoá
4208500,Ituporanga
4208708,Jacinto Machado
4208807,Jaguaruna
4208906,Jaraguá do Sul
4209003,Joaçaba
4209102,Joinville
4209300,Lages
4209409,Laguna
4209607,Lauro Müller
4209706,Lebon Régis
4209904,Lontras
4210001,Luiz Alves
4210035,Luzerna
4210100,Mafra
4210506,Maravilha
4211207,Morro da Fumaça
4211306,Navegantes
4211504,Nova Trento
4211603,Nova Veneza
4211702,Orleans
4211751,Otacílio Costa
4211801,Ouro
4211850,Ouro Verde
4212106,Palmitos
4212254,Passo de Torres
4212502,Penha
4212809,Balneário Piçarras
4212908,Pinhalzinho
4213203,Pomerode
4213401,Ponte Serrada
4213500,Porto Belo
4213609,Porto União
4213807,Praia Grande
4214409,Rio das Antas
4214706,Rio dos Cedros
4214805,Rio do Sul
4215000,Rio Negrinho
4215455,Sangão
4215703,Santo Amaro da Imperatriz
4215802,São Bento do Sul
4216206,São Francisco do Sul
4216305,São João Batista
4216503,São Joaquim
4216800,São José do Cerrito
4216909,São Lourenço do Oeste
4217204,São Miguel do Oeste
4217303,Saudades
4217501,Seara
4217600,Siderópolis
4217709,Sombrio
4217808,Taió
4217907,Tangará
4218004,Tijucas
4218103,Timbé do Sul
4218202,Timbó
4218301,Três Barras
4218400,Treze de Maio
4218509,Treze Tílias
4218707,Tubarão
4219002,Urussanga
4219309,Videira
4219507,Xanxerê
4219705,Xaxim
4220000,Balneário Rincão
4300059,Água Santa
4300406,Alegrete
4300505,Alpestre
4300604,Alvorada
4300802,Antônio Prado
4300901,Aratiba
4301008,Arroio do Meio
4301057,Arroio do Sal
4301073,Arroio do Padre
4301107,Arroio dos Ratos
4301206,Arroio do Tigre
4301305,Arroio Grande
4301404,Arvorezinha
4301503,Augusto Pestana
4301602,Bagé
4301636,Balneário Pinhal
4301909,Barra do Ribeiro
4302105,Bento Gonçalves
4302352,Bom Princípio
4302402,Bom Retiro do Sul
4302709,Butiá
4302808,Caçapava do Sul
4302907,Cacequi
4303004,Cachoeira do Sul
4303103,Cachoeirinha
4303509,Camaquã
4304200,Candelária
4304309,Cândido Godói
4304408,Canela
4304507,Canguçu
4304606,Canoas
4304630,Capão da Canoa
4304705,Carazinho
4304713,Caraá
4304804,Carlos Barbosa
4304903,Casca
4305108,Caxias do Sul
4305207,Cerro Largo
4305306,Chapada
4305355,Charqueadas
4305371,Charrua
4305504,Ciríaco
4305702,Condor
4306007,Crissiumal
4306056,Cristal
4306106,Cruz Alta
4306403,Dois Irmãos
4306601,Dom Pedrito
4306767,Eldorado do Sul
4306809,Encantado
4306908,Encruzilhada do Sul
4306932,Entre-Ijuís
4307005,Erechim
4307500,Espumoso
4307609,Estância Velha
4307708,Esteio
4307807,Estrela
4307815,Estrela Velha
4307906,Farroupilha
4308102,Feliz
4308201,Flores da Cunha
4308508,Frederico Westphalen
4308607,Garibaldi
4308805,General Câmara
4308904,Getúlio Vargas
4309001,Giruá
4309100,Gramado
4309209,Gravataí
4309308,Guaíba
4309407,Guaporé
4309506,Guarani das Missões
4309555,Harmonia
4309605,Horizontina
4309902,Ibiraiaras
4310009,Ibirubá
4310108,Igrejinha
4310207,Ijuí
4310330,Imbé
4310439,Ipê
4310603,Itaqui
4310801,Ivoti
4310900,Jacutinga
4311007,Jaguarão
4311106,Jaguari
4311205,Júlio de Castilhos
4311304,Lagoa Vermelha
4311403,Lajeado
4311502,Lavras do Sul
4311759,Manoel Viana
4311775,Maquiné
4311809,Marau
4311981,Mariana Pimentel
4312138,Mato Castelhano
4312302,Miraguaí
4312401,Montenegro
4312450,Morro Redondo
4312476,Morro Reuter
4312609,Muçum
4312658,Não-Me-Toque
4312708,Nonoai
4313060,Nova Hartz
4313201,Nova Petrópolis
4313300,Nova Prata
4313375,Nova Santa Rita
4313391,Novo Cabrais
4313409,Novo Hamburgo
4313508,Osório
4313656,Palmares do Sul
4313706,Palmeira das Missões
4313904,Panambi
4313953,Pantano Grande
4314001,Paraí
4314050,Parobé
4314076,Passo do Sobrado
4314100,Passo Fundo
4314308,Pejuçara
4314407,Pelotas
4314506,Pinheiro Machado
4314548,Pinto Bandeira
4314803,Portão
4314902,Porto Alegre
4315107,Porto Xavier
4315305,Quaraí
4315354,Quinze de Novembro
4315503,Restinga Sêca
4315602,Rio Grande
4315701,Rio Pardo
4315909,Rodeio Bonito
4316105,Ronda Alta
4316402,Rosário do Sul
4316451,Salto do Jacuí
4316600,Sananduva
4316808,Santa Cruz do Sul
4316907,Santa Maria
4317004,Santana da Boa Vista
4317103,Sant'Ana do Livramento
4317202,Santa Rosa
4317301,Santa Vitória do Palmar
4317400,Santiago
4317509,Santo Ângelo
4317608,Santo Antônio da Patrulha
4317707,Santo Antônio das Missões
4317806,Santo Augusto
4317905,Santo Cristo
4318002,São Borja
4318101,São Francisco de Assis
4318200,São Francisco de Paula
4318408,São Jerônimo
4318507,São José do Norte
4318705,São Leopoldo
4318804,São Lourenço do Sul
4318903,São Luiz Gonzaga
4319000,São Marcos
4319406,São Pedro do Sul
4319505,São Sebastião do Caí
4319604,São Sepé
4319901,Sapiranga
4320008,Sapucaia do Sul
4320107,Sarandi
4320206,Seberi
4320404,Serafina Corrêa
4320503,Sertão
4320651,Silveira Martins
4320701,Sobradinho
4320800,Soledade
4320909,Tapejara
4321006,Tapera
4321105,Tapes
4321402,Tenente Portela
4321451,Teutônia
4321501,Torres
4321600,Tramandaí
4321667,Três Cachoeiras
4321709,Três Coroas
4321808,Três de Maio
4321907,Três Passos
4322004,Triunfo
4322202,Tupanciretã
4322301,Tuparendi
4322400,Uruguaiana
4322509,Vacaria
4322533,Vale do Sol
4322541,Vale Real
4322608,Venâncio Aires
4322707,Vera Cruz
4322806,Veranópolis
4323002,Viamão
4323804,Xangri-lá
5000609,Amambai
5000807,Anaurilândia
5000856,Angélica
5001102,Aquidauana
5001904,Bataguassu
5002209,Bonito
5002407,Caarapó
5002605,Camapuã
5002704,Campo Grande
5002902,Cassilândia
5002951,Chapadão do Sul
5003207,Corumbá
5003256,Costa Rica
5003702,Dourados
5003801,Fátima do Sul
5004403,Inocência
5004700,Ivinhema
5005004,Jardim
5005202,Ladário
5005400,Maracaju
5005681,Mundo Novo
5005707,Naviraí
5005806,Nioaque
5006002,Nova Alvorada do Sul
5006200,Nova Andradina
5006309,Paranaíba
5007109,Ribas do Rio Pardo
5007208,Rio Brilhante
5007695,São Gabriel do Oeste
5007935,Sonora
5007950,Tacuru
5008305,Três Lagoas
5008404,Vicentina
5100250,Alta Floresta
5101258,Araputanga
5101704,Barra do Bugres
5101803,Barra do Garças
5102504,Cáceres
5102637,Campo Novo do Parecis
5102702,Canarana
5103007,Chapada dos Guimarães
5103205,Colíder
5103254,Colniza
5103353,Confresa
5103379,Cotriguaçu
5103403,Cuiabá
5104104,Guarantã do Norte
5105101,Juara
5105150,Juína
5105259,Lucas do Rio Verde
5105606,Matupá
5105622,Mirassol d'Oeste
5105903,Nobres
5106109,Nossa Senhora do Livramento
5106224,Nova Mutum
5106299,Paranaíta
5106307,Paranatinga
5106752,Pontes e Lacerda
5107040,Primavera do Leste
5107065,Querência
5107800,Santo Antônio do Leverger
5107909,Sinop
5107925,Sorriso
5107958,Tangará da Serra
5108402,Várzea Grande
5200050,Abadia de Goiás
5200100,Abadiânia
5200134,Acreúna
5200258,Águas Lindas de Goiás
5200308,Alexânia
5200605,Alto Paraíso de Goiás
5201108,Anápolis
5201306,Anicuns
5201454,Aparecida do Rio Doce
5201603,Araçu
5201702,Aragarças
5201801,Aragoiânia
5203203,Barro Alto
5203302,Bela Vista de Goiás
5203401,Bom Jardim de Goiás
5203500,Bom Jesus de Goiás
5203807,Britânia
5204102,Cachoeira Alta
5204250,Cachoeira Dourada
5204300,Caçu
5204409,Caiapônia
5204508,Caldas Novas
5204557,Caldazinha
5204706,Campinorte
5204854,Campo Limpo de Goiás
5204904,Campos Belos
5205059,Castelândia
5205406,Ceres
5205455,Cezarina
5205513,Cocalzinho de Goiás
5205703,Córrego do Ouro
5205802,Corumbá de Goiás
5205901,Corumbaíba
5206206,Cristalina
5206404,Crixás
5207105,Diorama
5207352,Edealina
5207402,Edéia
5207808,Firminópolis
5208103,Formoso
5208152,Gameleira de Goiás
5208400,Goianápolis
5208608,Goianésia
5208806,Goianira
5209101,Goiatuba
5209150,Gouvelândia
5209457,Guarinos
5209903,Iaciara
5209952,Indiara
5210000,Inhumas
5210109,Ipameri
5210208,Iporá
5210901,Itapaci
5211206,Itapuranga
5211503,Itumbiara
5211701,Jandaia
5211800,Jaraguá
5211909,Jataí
5212105,Joviânia
5212204,Jussara
5212501,Luziânia
5213004,Maurilândia
5213087,Minaçu
5213707,Montes Claros de Goiás
5213756,Montividiu
5213806,Morrinhos
5214002,Mozarlândia
5214051,Mundo Novo
5214507,Nerópolis
5214838,Nova Crixás
5215207,Novo Brasil
5215231,Novo Gama
5215306,Orizona
5215405,Ouro Verde de Goiás
5215504,Ouvidor
5215603,Padre Bernardo
5215702,Palmeiras de Goiás
5216403,Paraúna
5216908,Pilar de Goiás
5217104,Piracanjuba
5217203,Piranhas
5217302,Pirenópolis
5217401,Pires do Rio
5217609,Planaltina
5217708,Pontalina
5218003,Porangatu
5218102,Portelândia
5218300,Posse
5218607,Rialma
5218789,Rio Quente
5218805,Rio Verde
5218904,Rubiataba
5219001,Sanclerlândia
5219100,Santa Bárbara de Goiás
5219308,Santa Helena de Goiás
5219506,Santa Rosa de Goiás
5219704,Santa Terezinha de Goiás
5219712,Santo Antônio da Barra
5219738,Santo Antônio de Goiás
5219753,Santo Antônio do Descoberto
5220108,São Luís de Montes Belos
5220207,São Miguel do Araguaia
5220405,São Simão
5220504,Serranópolis
5221197,Terezópolis de Goiás
5221403,Trindade
5221502,Turvânia
5221601,Uruaçu
5221700,Uruana
5221809,Urutaí
5222054,Vicentinópolis
5222302,Vila Propício
5300108,Brasília
